{"cameraMode":{"drawMode":0,"name":"Shaded","section":"Shading Mode"},"sceneLighting":false,"audioPlay":false,"sceneViewState":{"showFog":true,"showMaterialUpdate":false,"showSkybox":false,"showFlares":true,"showImageEffects":true,"showParticleSystems":true},"in2DMode":false,"pivot":{"x":9.0,"y":1.9957894086837769,"z":-0.24777817726135255},"rotation":{"x":0.20999807119369508,"y":-0.7611989378929138,"z":0.29804539680480959,"w":0.5363291501998901},"size":86.31790924072266,"orthographic":false}