{"cameraMode":{"drawMode":0,"name":"Shaded","section":"Shading Mode"},"sceneLighting":false,"audioPlay":false,"sceneViewState":{"showFog":true,"showMaterialUpdate":false,"showSkybox":false,"showFlares":true,"showImageEffects":true,"showParticleSystems":true},"in2DMode":false,"pivot":{"x":2.374188184738159,"y":13.141515731811524,"z":-13.880675315856934},"rotation":{"x":0.2707650661468506,"y":0.00866401381790638,"z":-0.002437433460727334,"w":0.962605893611908},"size":1.9411362409591675,"orthographic":false}