{"cameraMode":{"drawMode":0,"name":"Shaded","section":"Shading Mode"},"sceneLighting":false,"audioPlay":false,"sceneViewState":{"showFog":true,"showMaterialUpdate":false,"showSkybox":true,"showFlares":true,"showImageEffects":true,"showParticleSystems":true},"in2DMode":false,"pivot":{"x":0.8852396011352539,"y":1.851708173751831,"z":1.6164207458496094},"rotation":{"x":0.15442177653312684,"y":-0.09026744961738587,"z":0.01416859496384859,"w":0.9837750792503357},"size":9.28543472290039,"orthographic":false}